категория;ПРОДУКТ;ВОДА;БЕЛКИ;ЖИРЫ;УГЛЕВОДЫ;ККАЛ;сырой/готовый
КРУПЫ;Гречневая ядрица;14.0;12.6;2.6;68.0;329.0;СЫРОЙ ВИД
КРУПЫ;Гречневая продел;14.0;9.5;1.9;72.2;326.0;СЫРОЙ ВИД
КРУПЫ;Манная;14.0;11.3;0.7;73.3;326.0;СЫРОЙ ВИД
КРУПЫ;Овсяная;12.0;11.9;5.8;65.4;345.0;СЫРОЙ ВИД
КРУПЫ;Перловая;14.0;9.3;1.1;73.7;324.0;СЫРОЙ ВИД
КРУПЫ;Пшено;14.0;12.0;2.9;69.3;334.0;СЫРОЙ ВИД
КРУПЫ;Рисовая;14.0;7.0;0.6;73.7;323.0;СЫРОЙ ВИД
КРУПЫ;Пшеничная “Полтавская”;14.0;12.7;1.1;70.6;325.0;СЫРОЙ ВИД
КРУПЫ;Толокно;10.0;12.2;5.8;68.3;357.0;СЫРОЙ ВИД
КРУПЫ;Ячневая;14.0;10.4;1.3;71.7;322.0;СЫРОЙ ВИД
КРУПЫ;Геркулес;12.0;13.1;6.2;65.7;355.0;СЫРОЙ ВИД
КРУПЫ;Кукурузная;14.0;8.3;1.2;75.0;325.0;СЫРОЙ ВИД
КРУПЫ;Бобы;83.0;6.0;0.1;8.3;58.0;СЫРОЙ ВИД
КРУПЫ;Горох лущеный;14.0;23.0;1.6;57.7;323.0;СЫРОЙ ВИД
КРУПЫ;Горох цельный;14.0;23.0;1.2;53.3;303.0;СЫРОЙ ВИД
КРУПЫ;Соя;12.0;34.9;17.3;26.5;395.0;СЫРОЙ ВИД
КРУПЫ;Фасоль;14.0;22.3;1.7;54.5;309.0;СЫРОЙ ВИД
КРУПЫ;Чечевица;14.0;24.8;1.1;53.7;310.0;СЫРОЙ ВИД
КРУПЫ;Гречневая ядрица;4.158;0.8580000000000001;22.44;108.57000000000001;329.0;ГОТОВЫЙ ВИД
КРУПЫ;Гречневая продел;3.1350000000000002;0.627;23.826;107.58;326.0;ГОТОВЫЙ ВИД
КРУПЫ;Манная;3.7290000000000005;0.23099999999999998;24.189;107.58;326.0;ГОТОВЫЙ ВИД
КРУПЫ;Овсяная;3.9270000000000005;1.914;21.582000000000004;113.85000000000001;345.0;ГОТОВЫЙ ВИД
КРУПЫ;Перловая;3.0690000000000004;0.36300000000000004;24.321;106.92;324.0;ГОТОВЫЙ ВИД
КРУПЫ;Пшено;3.96;0.957;22.869;110.22;334.0;ГОТОВЫЙ ВИД
КРУПЫ;Рисовая;2.31;0.198;24.321;106.59;323.0;ГОТОВЫЙ ВИД
КРУПЫ;Пшеничная “Полтавская”;4.191;0.36300000000000004;23.298;107.25;325.0;ГОТОВЫЙ ВИД
КРУПЫ;Толокно;4.026;1.914;22.539;117.81;357.0;ГОТОВЫЙ ВИД
КРУПЫ;Ячневая;3.4320000000000004;0.42900000000000005;23.661;106.26;322.0;ГОТОВЫЙ ВИД
КРУПЫ;Геркулес;4.323;2.0460000000000003;21.681;117.15;355.0;ГОТОВЫЙ ВИД
КРУПЫ;Кукурузная;2.7390000000000003;0.396;24.75;107.25;325.0;ГОТОВЫЙ ВИД
КРУПЫ;Бобы;1.98;0.033;2.7390000000000003;19.14;58.0;ГОТОВЫЙ ВИД
КРУПЫ;Горох лущеный;7.590000000000001;0.528;19.041;106.59;323.0;ГОТОВЫЙ ВИД
КРУПЫ;Горох цельный;7.590000000000001;0.396;17.589;99.99000000000001;303.0;ГОТОВЫЙ ВИД
КРУПЫ;Соя;11.517;5.7090000000000005;8.745000000000001;130.35;395.0;ГОТОВЫЙ ВИД
КРУПЫ;Фасоль;7.359000000000001;0.561;17.985;101.97;309.0;ГОТОВЫЙ ВИД
КРУПЫ;Чечевица;8.184000000000001;0.36300000000000004;17.721;102.30000000000001;310.0;ГОТОВЫЙ ВИД
ОВОЩИ;Баклажаны;91.0;0.6;0.1;5.5;24.0;СЫРОЙ ВИД
ОВОЩИ;Брюква;87.5;1.2;0.1;8.1;37.0;СЫРОЙ ВИД
ОВОЩИ;Горошек зеленый;80.0;5.0;0.2;13.3;72.0;СЫРОЙ ВИД
ОВОЩИ;Кабачки;93.0;0.6;0.3;5.7;27.0;СЫРОЙ ВИД
ОВОЩИ;Капуста белокочанная;90.0;1.8;0;5.4;28.0;СЫРОЙ ВИД
ОВОЩИ;Капуста краснокочанная;90.0;1.8;0;6.1;31.0;СЫРОЙ ВИД
ОВОЩИ;Капуста цветная;90.9;2.5;0;4.9;29.0;СЫРОЙ ВИД
ОВОЩИ;Картофель;76.0;2.0;0.1;19.7;83.0;СЫРОЙ ВИД
ОВОЩИ;Лук зеленый (перо);92.5;1.3;0;4.3;22.0;СЫРОЙ ВИД
ОВОЩИ;Лук порей;87.0;3.0;0;7.3;40.0;СЫРОЙ ВИД
ОВОЩИ;Лук репчатый;86.0;1.7;0;9.5;43.0;СЫРОЙ ВИД
ОВОЩИ;Морковь красная;88.5;1.3;0.1;7.0;33.0;СЫРОЙ ВИД
ОВОЩИ;Огурцы грунтовые;95.0;0.8;0;3.0;15.0;СЫРОЙ ВИД
ОВОЩИ;Огурцы парниковые;96.5;0.7;0;1.8;10.0;СЫРОЙ ВИД
ОВОЩИ;Перец зеленый сладкий;92.0;1.3;0;4.7;23.0;СЫРОЙ ВИД
ОВОЩИ;Перец красный сладкий;91.0;1.3;0;5.7;27.0;СЫРОЙ ВИД
ОВОЩИ;Петрушка (зелень);85.0;3.7;0;8.1;45.0;СЫРОЙ ВИД
ОВОЩИ;Петрушка (корень);85.0;1.5;0;11.0;47.0;СЫРОЙ ВИД
ОВОЩИ;Ревень (черешковый);94.5;0.7;0;2.9;16.0;СЫРОЙ ВИД
ОВОЩИ;Редис;93.0;1.2;0;4.1;20.0;СЫРОЙ ВИД
ОВОЩИ;Редька;88.6;1.9;0;7.0;34.0;СЫРОЙ ВИД
ОВОЩИ;Салат;95.0;1.5;0;2.2;14.0;СЫРОЙ ВИД
ОВОЩИ;Свекла;86.5;1.7;0;10.8;48.0;СЫРОЙ ВИД
ОВОЩИ;Томаты;93.5;0.6;0;4.2;19.0;СЫРОЙ ВИД
ОВОЩИ;Зеленая фасоль;90.0;4.0;0;4.3;32.0;СЫРОЙ ВИД
ОВОЩИ;Черемша;89.0;2.4;0;6.5;34.0;СЫРОЙ ВИД
ОВОЩИ;Чеснок;70.0;6.5;0;21.2;106.0;СЫРОЙ ВИД
ОВОЩИ;Шпинат;91.2;2.9;0;2.3;21.0;СЫРОЙ ВИД
ОВОЩИ;Щавель;90.0;1.5;0;5.3;28.0;СЫРОЙ ВИД
ОВОЩИ;Баклажаны;0.7792207792207791;0.12987012987012989;7.142857142857142;31.16883116883117;24.0;ГОТОВЫЙ ВИД
ОВОЩИ;Брюква;1.5584415584415583;0.12987012987012989;10.519480519480519;48.05194805194805;37.0;ГОТОВЫЙ ВИД
ОВОЩИ;Горошек зеленый;6.4935064935064934;0.25974025974025977;17.272727272727273;93.5064935064935;72.0;ГОТОВЫЙ ВИД
ОВОЩИ;Кабачки;0.7792207792207791;0.3896103896103896;7.402597402597403;35.064935064935064;27.0;ГОТОВЫЙ ВИД
ОВОЩИ;Капуста белокочанная;2.3376623376623376;0.0;7.012987012987013;36.36363636363636;28.0;ГОТОВЫЙ ВИД
ОВОЩИ;Капуста краснокочанная;2.3376623376623376;0.0;7.922077922077921;40.25974025974026;31.0;ГОТОВЫЙ ВИД
ОВОЩИ;Капуста цветная;3.2467532467532467;0.0;6.363636363636364;37.66233766233766;29.0;ГОТОВЫЙ ВИД
ОВОЩИ;Картофель;2.5974025974025974;0.12987012987012989;25.584415584415584;107.79220779220779;83.0;ГОТОВЫЙ ВИД
ОВОЩИ;Лук зеленый (перо);1.6883116883116884;0.0;5.584415584415584;28.57142857142857;22.0;ГОТОВЫЙ ВИД
ОВОЩИ;Лук порей;3.896103896103896;0.0;9.48051948051948;51.94805194805195;40.0;ГОТОВЫЙ ВИД
ОВОЩИ;Лук репчатый;2.207792207792208;0.0;12.337662337662337;55.84415584415584;43.0;ГОТОВЫЙ ВИД
ОВОЩИ;Морковь красная;1.6883116883116884;0.12987012987012989;9.09090909090909;42.857142857142854;33.0;ГОТОВЫЙ ВИД
ОВОЩИ;Огурцы грунтовые;1.038961038961039;0.0;3.896103896103896;19.48051948051948;15.0;ГОТОВЫЙ ВИД
ОВОЩИ;Огурцы парниковые;0.9090909090909091;0.0;2.3376623376623376;12.987012987012987;10.0;ГОТОВЫЙ ВИД
ОВОЩИ;Перец зеленый сладкий;1.6883116883116884;0.0;6.103896103896104;29.87012987012987;23.0;ГОТОВЫЙ ВИД
ОВОЩИ;Перец красный сладкий;1.6883116883116884;0.0;7.402597402597403;35.064935064935064;27.0;ГОТОВЫЙ ВИД
ОВОЩИ;Петрушка (зелень);4.805194805194805;0.0;10.519480519480519;58.44155844155844;45.0;ГОТОВЫЙ ВИД
ОВОЩИ;Петрушка (корень);1.948051948051948;0.0;14.285714285714285;61.03896103896104;47.0;ГОТОВЫЙ ВИД
ОВОЩИ;Ревень (черешковый);0.9090909090909091;0.0;3.766233766233766;20.77922077922078;16.0;ГОТОВЫЙ ВИД
ОВОЩИ;Редис;1.5584415584415583;0.0;5.324675324675324;25.974025974025974;20.0;ГОТОВЫЙ ВИД
ОВОЩИ;Редька;2.4675324675324672;0.0;9.09090909090909;44.15584415584416;34.0;ГОТОВЫЙ ВИД
ОВОЩИ;Салат;1.948051948051948;0.0;2.857142857142857;18.18181818181818;14.0;ГОТОВЫЙ ВИД
ОВОЩИ;Свекла;2.207792207792208;0.0;14.025974025974026;62.33766233766234;48.0;ГОТОВЫЙ ВИД
ОВОЩИ;Томаты;0.7792207792207791;0.0;5.454545454545455;24.675324675324674;19.0;ГОТОВЫЙ ВИД
ОВОЩИ;Зеленая фасоль;5.194805194805195;0.0;5.584415584415584;41.55844155844156;32.0;ГОТОВЫЙ ВИД
ОВОЩИ;Черемша;3.1168831168831166;0.0;8.441558441558442;44.15584415584416;34.0;ГОТОВЫЙ ВИД
ОВОЩИ;Чеснок;8.441558441558442;0.0;27.532467532467532;137.66233766233765;106.0;ГОТОВЫЙ ВИД
ОВОЩИ;Шпинат;3.766233766233766;0.0;2.987012987012987;27.272727272727273;21.0;ГОТОВЫЙ ВИД
ОВОЩИ;Щавель;1.948051948051948;0.0;6.883116883116883;36.36363636363636;28.0;ГОТОВЫЙ ВИД
ФРУКТЫ И ЯГОДЫ;Абрикосы;86.0;0.9;-;10.5;46.0;СЫРОЙ ВИД
ФРУКТЫ И ЯГОДЫ;Айва;87.5;0.6;-;8.9;38.0;СЫРОЙ ВИД
ФРУКТЫ И ЯГОДЫ;Алыча;89.0;0.2;-;7.4;34.0;СЫРОЙ ВИД
ФРУКТЫ И ЯГОДЫ;Ананас;86.0;0.4;-;11.8;48.0;СЫРОЙ ВИД
ФРУКТЫ И ЯГОДЫ;Бананы;74.0;1.5;-;22.4;91.0;СЫРОЙ ВИД
ФРУКТЫ И ЯГОДЫ;Вишня;85.5;0.8;-;11.3;49.0;СЫРОЙ ВИД
ФРУКТЫ И ЯГОДЫ;Гранат;85.0;0.9;-;11.8;52.0;СЫРОЙ ВИД
ФРУКТЫ И ЯГОДЫ;Груша;87.5;0.4;-;10.7;42.0;СЫРОЙ ВИД
ФРУКТЫ И ЯГОДЫ;Инжир;83.0;0.7;-;13.9;56.0;СЫРОЙ ВИД
ФРУКТЫ И ЯГОДЫ;Персики;86.5;0.9;-;10.4;44.0;СЫРОЙ ВИД
ФРУКТЫ И ЯГОДЫ;Слива садовая;87.0;0.8;-;9.9;43.0;СЫРОЙ ВИД
ФРУКТЫ И ЯГОДЫ;Финики;20.0;2.5;-;72.1;281.0;СЫРОЙ ВИД
ФРУКТЫ И ЯГОДЫ;Хурма;81.5;0.5;-;15.9;62.0;СЫРОЙ ВИД
ФРУКТЫ И ЯГОДЫ;Черешня;85.0;1.1;-;12.3;52.0;СЫРОЙ ВИД
ФРУКТЫ И ЯГОДЫ;Яблоки;86.5;0.4;-;11.3;46.0;СЫРОЙ ВИД
ФРУКТЫ И ЯГОДЫ;Апельсин;87.5;0.9;-;8.4;38.0;СЫРОЙ ВИД
ФРУКТЫ И ЯГОДЫ;Грейпфрут;89.0;0.9;-;7.3;35.0;СЫРОЙ ВИД
ФРУКТЫ И ЯГОДЫ;Лимон;87.7;0.9;-;3.6;31.0;СЫРОЙ ВИД
ФРУКТЫ И ЯГОДЫ;Мандарин;88.5;0.8;-;8.6;38.0;СЫРОЙ ВИД
ФРУКТЫ И ЯГОДЫ;Виноград;80.2;0.4;-;17.5;69.0;СЫРОЙ ВИД
ФРУКТЫ И ЯГОДЫ;Ежевика;88.0;2.0;-;5.3;33.0;СЫРОЙ ВИД
ФРУКТЫ И ЯГОДЫ;Земляника;84.5;1.8;-;8.1;41.0;СЫРОЙ ВИД
ФРУКТЫ И ЯГОДЫ;Клюква;89.5;0.5;-;4.8;28.0;СЫРОЙ ВИД
ФРУКТЫ И ЯГОДЫ;Крыжовник;85.0;0.7;-;9.9;44.0;СЫРОЙ ВИД
ФРУКТЫ И ЯГОДЫ;Малина;87.0;0.8;-;9.0;41.0;СЫРОЙ ВИД
ФРУКТЫ И ЯГОДЫ;Смородина белая;86.0;0.3;-;8.7;39.0;СЫРОЙ ВИД
ФРУКТЫ И ЯГОДЫ;Смородина черная;85.0;1.0;-;8.0;40.0;СЫРОЙ ВИД
ФРУКТЫ И ЯГОДЫ;Черника;86.5;1.1;-;8.6;40.0;СЫРОЙ ВИД
ФРУКТЫ И ЯГОДЫ;Шиповник свежий;66.0;1.6;-;24.0;101.0;СЫРОЙ ВИД
ФРУКТЫ И ЯГОДЫ;Шиповник сушеный;14.0;4.0;-;60.0;253.0;СЫРОЙ ВИД
СУХОФРУКТЫ;Урюк;18.0;5.0;-;67.5;278.0;СЫРОЙ ВИД
СУХОФРУКТЫ;Курага;20.2;5.2;-;65.9;272.0;СЫРОЙ ВИД
СУХОФРУКТЫ;Изюм с косточкой;19.0;1.8;-;70.9;276.0;СЫРОЙ ВИД
СУХОФРУКТЫ;Изюм кишмиш;18.0;2.3;-;71.2;279.0;СЫРОЙ ВИД
СУХОФРУКТЫ;Вишня;18.0;1.5;-;73.0;292.0;СЫРОЙ ВИД
СУХОФРУКТЫ;Груша;24.0;2.3;-;62.1;246.0;СЫРОЙ ВИД
СУХОФРУКТЫ;Персики;18.0;3.0;-;68.5;275.0;СЫРОЙ ВИД
СУХОФРУКТЫ;Чернослив;25.0;2.3;-;65.6;264.0;СЫРОЙ ВИД
СУХОФРУКТЫ;Яблоки;20.0;3.2;-;68.0;273.0;СЫРОЙ ВИД
ГРИБЫ;Белые свежие;89.9;3.2;0.7;1.6;25.0;СЫРОЙ ВИД
ГРИБЫ;Подберезовики свежие;91.6;2.3;0.9;3.7;31.0;СЫРОЙ ВИД
ГРИБЫ;Подосиновики свежие;91.1;3.3;0.5;3.4;31.0;СЫРОЙ ВИД
ГРИБЫ;Шампиньоны;;4.3;1;0.1;27.0;СЫРОЙ ВИД
ГРИБЫ;Лисички;;1.5;1.1;1.0;19.0;СЫРОЙ ВИД
ГРИБЫ;Белые свежие;8.0;1.7499999999999998;4;62.5;25.0;ГОТОВЫЙ ВИД
ГРИБЫ;Подберезовики свежие;5.749999999999999;2.25;9.25;77.5;31.0;ГОТОВЫЙ ВИД
ГРИБЫ;Подосиновики свежие;8.249999999999998;1.25;8.5;77.5;31.0;ГОТОВЫЙ ВИД
ГРИБЫ;Шампиньоны;10.749999999999998;2.5;0.25;67.5;27.0;ГОТОВЫЙ ВИД
ГРИБЫ;Лисички;3.75;2.75;2.5;47.5;19.0;ГОТОВЫЙ ВИД
МЯСО, СУБПРОДУКТЫ, ПТИЦА;Баранина;67.6;16.3;15.3;0.0;203.0;СЫРОЙ ВИД
МЯСО, СУБПРОДУКТЫ, ПТИЦА;Говядина не постная;67.7;18.9;12.4;0.0;187.0;СЫРОЙ ВИД
МЯСО, СУБПРОДУКТЫ, ПТИЦА;Говядина постная;;22.2;7.1;;158.0;СЫРОЙ ВИД
МЯСО, СУБПРОДУКТЫ, ПТИЦА;Конина;72.5;20.2;7;0.0;143.0;СЫРОЙ ВИД
МЯСО, СУБПРОДУКТЫ, ПТИЦА;Кролик;65.3;20.7;12.9;0.0;199.0;СЫРОЙ ВИД
МЯСО, СУБПРОДУКТЫ, ПТИЦА;Телятина;78.0;19.7;1.2;0.0;90.0;СЫРОЙ ВИД
МЯСО, СУБПРОДУКТЫ, ПТИЦА;Говяжья Печень;72.9;17.4;3.1;0.0;98.0;СЫРОЙ ВИД
МЯСО, СУБПРОДУКТЫ, ПТИЦА;Говяжьи Почки;82.7;12.5;1.8;0.0;66.0;СЫРОЙ ВИД
МЯСО, СУБПРОДУКТЫ, ПТИЦА;Говяжье Вымя;72.6;12.3;13.7;0.0;173.0;СЫРОЙ ВИД
МЯСО, СУБПРОДУКТЫ, ПТИЦА;Говяжье Сердце;79.0;15.0;3;0.0;87.0;СЫРОЙ ВИД
МЯСО, СУБПРОДУКТЫ, ПТИЦА;Говяжий Язык;71.2;13.6;12.1;0.0;163.0;СЫРОЙ ВИД
МЯСО, СУБПРОДУКТЫ, ПТИЦА;Почки свинные;80.1;13.0;3.1;0.0;80.0;СЫРОЙ ВИД
МЯСО, СУБПРОДУКТЫ, ПТИЦА;Печень свинная;71.4;18.8;3.6;0.0;108.0;СЫРОЙ ВИД
МЯСО, СУБПРОДУКТЫ, ПТИЦА;Сердце свинное;78.0;15.1;3.2;0.0;89.0;СЫРОЙ ВИД
МЯСО, СУБПРОДУКТЫ, ПТИЦА;Язык свинной;66.1;14.2;16.8;0.0;208.0;СЫРОЙ ВИД
МЯСО, СУБПРОДУКТЫ, ПТИЦА;Гуси;49.7;16.1;33.3;0.0;364.0;СЫРОЙ ВИД
МЯСО, СУБПРОДУКТЫ, ПТИЦА;Индейка филе бедра;;17.39;10.18;0.0;159.75;СЫРОЙ ВИД
МЯСО, СУБПРОДУКТЫ, ПТИЦА;Индейка грудка;;19.2;0.58;0.0;84.0;СЫРОЙ ВИД
МЯСО, СУБПРОДУКТЫ, ПТИЦА;Куриная грудка;;23.6;1.9;0.4;113.0;СЫРОЙ ВИД
МЯСО, СУБПРОДУКТЫ, ПТИЦА;Курица филе бедра;;14.81;11.06;0.18;160.17;СЫРОЙ ВИД
МЯСО, СУБПРОДУКТЫ, ПТИЦА;Утки;51.5;16.5;61.2;0.0;346.0;СЫРОЙ ВИД
МЯСО, СУБПРОДУКТЫ, ПТИЦА;Баранина;26.2;24.6;0;327.4;203.0;ГОТОВЫЙ ВИД
МЯСО, СУБПРОДУКТЫ, ПТИЦА;Говядина не постная;30.4;20.0;0;301.6;187.0;ГОТОВЫЙ ВИД
МЯСО, СУБПРОДУКТЫ, ПТИЦА;Говядина постная;35.806451612903224;11.451612903225806;0;254.83870967741936;158.0;ГОТОВЫЙ ВИД
МЯСО, СУБПРОДУКТЫ, ПТИЦА;Конина;32.58064516129032;11.290322580645162;0;230.6451612903226;143.0;ГОТОВЫЙ ВИД
МЯСО, СУБПРОДУКТЫ, ПТИЦА;Кролик;27.599999999999998;17.2;0;265.3333333333333;199.0;ГОТОВЫЙ ВИД
МЯСО, СУБПРОДУКТЫ, ПТИЦА;Телятина;;;;;90.0;ГОТОВЫЙ ВИД
МЯСО, СУБПРОДУКТЫ, ПТИЦА;Говяжья Печень;24.166666666666664;4.305555555555556;0;136.11111111111111;98.0;ГОТОВЫЙ ВИД
МЯСО, СУБПРОДУКТЫ, ПТИЦА;Говяжьи Почки;17.36111111111111;2.5;0;91.66666666666667;66.0;ГОТОВЫЙ ВИД
МЯСО, СУБПРОДУКТЫ, ПТИЦА;Говяжье Вымя;17.083333333333336;19.02777777777778;0;240.2777777777778;173.0;ГОТОВЫЙ ВИД
МЯСО, СУБПРОДУКТЫ, ПТИЦА;Говяжье Сердце;20.833333333333336;4.166666666666667;0;120.83333333333334;87.0;ГОТОВЫЙ ВИД
МЯСО, СУБПРОДУКТЫ, ПТИЦА;Говяжий Язык;18.88888888888889;16.805555555555557;0;226.38888888888889;163.0;ГОТОВЫЙ ВИД
МЯСО, СУБПРОДУКТЫ, ПТИЦА;Почки свинные;18.055555555555557;4.305555555555556;0;111.11111111111111;80.0;ГОТОВЫЙ ВИД
МЯСО, СУБПРОДУКТЫ, ПТИЦА;Печень свинная;26.111111111111114;5.0;0;150.0;108.0;ГОТОВЫЙ ВИД
МЯСО, СУБПРОДУКТЫ, ПТИЦА;Сердце свинное;20.97222222222222;4.444444444444445;0;123.61111111111111;89.0;ГОТОВЫЙ ВИД
МЯСО, СУБПРОДУКТЫ, ПТИЦА;Язык свинной;19.72222222222222;23.333333333333336;0;288.8888888888889;208.0;ГОТОВЫЙ ВИД
МЯСО, СУБПРОДУКТЫ, ПТИЦА;Гуси;23.000000000000004;47.57142857142857;0;520.0;364.0;ГОТОВЫЙ ВИД
МЯСО, СУБПРОДУКТЫ, ПТИЦА;Индейка филе бедра;24.842857142857145;14.542857142857143;0;228.21428571428572;159.75;ГОТОВЫЙ ВИД
МЯСО, СУБПРОДУКТЫ, ПТИЦА;Индейка грудка;27.42857142857143;0.8285714285714285;0;120.00000000000001;84.0;ГОТОВЫЙ ВИД
МЯСО, СУБПРОДУКТЫ, ПТИЦА;Куриная грудка;33.714285714285715;2.7142857142857144;0.5714285714285715;161.42857142857144;113.0;ГОТОВЫЙ ВИД
МЯСО, СУБПРОДУКТЫ, ПТИЦА;Курица филе бедра;21.15714285714286;15.800000000000002;0.2571428571428572;228.81428571428572;160.17;ГОТОВЫЙ ВИД
МЯСО, СУБПРОДУКТЫ, ПТИЦА;Утки;23.571428571428573;87.42857142857144;0;494.28571428571433;346.0;ГОТОВЫЙ ВИД
РЫБА И МОРЕПРОДУКТЫ;Бычки;70.8;12.8;8.1;5.2;145.0;СЫРОЙ ВИД
РЫБА И МОРЕПРОДУКТЫ;Горбуша;70.5;21.0;7;0.0;147.0;СЫРОЙ ВИД
РЫБА И МОРЕПРОДУКТЫ;Камбала;79.5;16.1;2.6;0.0;88.0;СЫРОЙ ВИД
РЫБА И МОРЕПРОДУКТЫ;Карась;78.9;17.7;1.8;0.0;87.0;СЫРОЙ ВИД
РЫБА И МОРЕПРОДУКТЫ;Карп;79.1;16.0;3.6;0.0;96.0;СЫРОЙ ВИД
РЫБА И МОРЕПРОДУКТЫ;Кета;71.3;22.0;5.6;0.0;138.0;СЫРОЙ ВИД
РЫБА И МОРЕПРОДУКТЫ;Корюшка;79.8;15.5;3.2;0.0;91.0;СЫРОЙ ВИД
РЫБА И МОРЕПРОДУКТЫ;Ледяная;81.8;15.5;1.4;0.0;75.0;СЫРОЙ ВИД
РЫБА И МОРЕПРОДУКТЫ;Лещ;77.7;17.1;4.1;0.0;105.0;СЫРОЙ ВИД
РЫБА И МОРЕПРОДУКТЫ;Семга;62.9;20.8;15.1;0.0;219.0;СЫРОЙ ВИД
РЫБА И МОРЕПРОДУКТЫ;Макрурус;85.0;13.2;0.8;0.0;60.0;СЫРОЙ ВИД
РЫБА И МОРЕПРОДУКТЫ;Минога;75.0;14.7;11.9;0.0;166.0;СЫРОЙ ВИД
РЫБА И МОРЕПРОДУКТЫ;Минтай;80.1;15.9;0.7;0.0;70.0;СЫРОЙ ВИД
РЫБА И МОРЕПРОДУКТЫ;Мойва;75.0;13.4;11.5;0.0;157.0;СЫРОЙ ВИД
РЫБА И МОРЕПРОДУКТЫ;Навага;81.1;16.1;1;0.0;73.0;СЫРОЙ ВИД
РЫБА И МОРЕПРОДУКТЫ;Налим;79.3;18.8;0.6;0.0;81.0;СЫРОЙ ВИД
РЫБА И МОРЕПРОДУКТЫ;Нототения мраморная;73.4;14.8;10.7;0.0;156.0;СЫРОЙ ВИД
РЫБА И МОРЕПРОДУКТЫ;Окунь морской;75.4;17.6;5.2;0.0;117.0;СЫРОЙ ВИД
РЫБА И МОРЕПРОДУКТЫ;Окунь речной;79.2;18.5;0.9;0.0;82.0;СЫРОЙ ВИД
РЫБА И МОРЕПРОДУКТЫ;Осетр;71.4;16.4;10.9;0.0;164.0;СЫРОЙ ВИД
РЫБА И МОРЕПРОДУКТЫ;Палтус;76.9;18.9;3;0.0;103.0;СЫРОЙ ВИД
РЫБА И МОРЕПРОДУКТЫ;Путассу;81.3;16.1;0.9;0.0;72.0;СЫРОЙ ВИД
РЫБА И МОРЕПРОДУКТЫ;Рыба-сабля;75.2;20.3;3.2;0.0;110.0;СЫРОЙ ВИД
РЫБА И МОРЕПРОДУКТЫ;Рыбец каспийский;77.0;19.2;2.4;0.0;98.0;СЫРОЙ ВИД
РЫБА И МОРЕПРОДУКТЫ;Сазан;75.3;18.4;5.3;0.0;121.0;СЫРОЙ ВИД
РЫБА И МОРЕПРОДУКТЫ;Сайра крупная;59.8;18.6;20.8;0.0;262.0;СЫРОЙ ВИД
РЫБА И МОРЕПРОДУКТЫ;Сайра мелкая;71.3;20.4;0.8;0.0;143.0;СЫРОЙ ВИД
РЫБА И МОРЕПРОДУКТЫ;Салака;75.4;17.3;5.6;0.0;121.0;СЫРОЙ ВИД
РЫБА И МОРЕПРОДУКТЫ;Сиг;72.3;19.0;7.5;0.0;144.0;СЫРОЙ ВИД
РЫБА И МОРЕПРОДУКТЫ;Сом;75.0;16.8;8.5;0.0;144.0;СЫРОЙ ВИД
РЫБА И МОРЕПРОДУКТЫ;Ставрида;74.9;18.5;5;0.0;119.0;СЫРОЙ ВИД
РЫБА И МОРЕПРОДУКТЫ;Стерлядь;74.9;17.0;6.1;0.0;320.0;СЫРОЙ ВИД
РЫБА И МОРЕПРОДУКТЫ;Судак;78.9;19.0;0.8;0.0;83.0;СЫРОЙ ВИД
РЫБА И МОРЕПРОДУКТЫ;Треска;80.7;17.5;0.6;0.0;75.0;СЫРОЙ ВИД
РЫБА И МОРЕПРОДУКТЫ;Тунец;74.0;22.7;0.7;0.0;96.0;СЫРОЙ ВИД
РЫБА И МОРЕПРОДУКТЫ;Угольная рыба;71.5;13.2;11.6;0.0;158.0;СЫРОЙ ВИД
РЫБА И МОРЕПРОДУКТЫ;Угорь морской;77.5;19.1;1.9;0.0;94.0;СЫРОЙ ВИД
РЫБА И МОРЕПРОДУКТЫ;Угорь;53.5;14.5;30.5;0.0;333.0;СЫРОЙ ВИД
РЫБА И МОРЕПРОДУКТЫ;Хек;79.9;16.6;2.2;0.0;86.0;СЫРОЙ ВИД
РЫБА И МОРЕПРОДУКТЫ;Щука;70.4;18.8;0.7;0.0;82.0;СЫРОЙ ВИД
РЫБА И МОРЕПРОДУКТЫ;Язь;80.1;18.2;0.3;0.0;117.0;СЫРОЙ ВИД
РЫБА И МОРЕПРОДУКТЫ;Креветка дальневосточная;64.8;28.7;1.2;0.0;134.0;СЫРОЙ ВИД
РЫБА И МОРЕПРОДУКТЫ;Печень трески;26.4;4.2;65.7;0.0;613.0;СЫРОЙ ВИД
РЫБА И МОРЕПРОДУКТЫ;Кальмар;80.3;18.0;0.3;0.0;75.0;СЫРОЙ ВИД
РЫБА И МОРЕПРОДУКТЫ;Краб;81.5;16.0;0.5;0.0;69.0;СЫРОЙ ВИД
РЫБА И МОРЕПРОДУКТЫ;Креветка;77.5;18.0;0.8;0.0;83.0;СЫРОЙ ВИД
РЫБА И МОРЕПРОДУКТЫ;Морская капуста;88.0;0.9;0.2;3.0;5.0;СЫРОЙ ВИД
РЫБА И МОРЕПРОДУКТЫ;Паста “Океан”;72.2;18.9;6.8;0.0;137.0;СЫРОЙ ВИД
РЫБА И МОРЕПРОДУКТЫ;Трепанг;89.4;7.3;0.6;0.0;35.0;СЫРОЙ ВИД
РЫБА И МОРЕПРОДУКТЫ;Бычки;16.0;10.124999999999998;6.5;181.25;145.0;ГОТОВЫЙ ВИД
РЫБА И МОРЕПРОДУКТЫ;Горбуша;26.25;8.75;0;183.75;147.0;ГОТОВЫЙ ВИД
РЫБА И МОРЕПРОДУКТЫ;Камбала;20.125;3.25;0;110.0;88.0;ГОТОВЫЙ ВИД
РЫБА И МОРЕПРОДУКТЫ;Карась;22.124999999999996;2.25;0;108.75;87.0;ГОТОВЫЙ ВИД
РЫБА И МОРЕПРОДУКТЫ;Карп;20.0;4.5;0;120.0;96.0;ГОТОВЫЙ ВИД
РЫБА И МОРЕПРОДУКТЫ;Кета;27.5;6.999999999999999;0;172.5;138.0;ГОТОВЫЙ ВИД
РЫБА И МОРЕПРОДУКТЫ;Корюшка;19.375;4.0;0;113.75;91.0;ГОТОВЫЙ ВИД
РЫБА И МОРЕПРОДУКТЫ;Ледяная;19.375;1.7499999999999998;0;93.75;75.0;ГОТОВЫЙ ВИД
РЫБА И МОРЕПРОДУКТЫ;Лещ;21.375;5.124999999999999;0;131.25;105.0;ГОТОВЫЙ ВИД
РЫБА И МОРЕПРОДУКТЫ;Семга;26.0;18.875;0;273.75;219.0;ГОТОВЫЙ ВИД
РЫБА И МОРЕПРОДУКТЫ;Макрурус;16.499999999999996;1.0;0;75.0;60.0;ГОТОВЫЙ ВИД
РЫБА И МОРЕПРОДУКТЫ;Минога;18.374999999999996;14.875;0;207.5;166.0;ГОТОВЫЙ ВИД
РЫБА И МОРЕПРОДУКТЫ;Минтай;19.875;0.8749999999999999;0;87.5;70.0;ГОТОВЫЙ ВИД
РЫБА И МОРЕПРОДУКТЫ;Мойва;16.75;14.375;0;196.25;157.0;ГОТОВЫЙ ВИД
РЫБА И МОРЕПРОДУКТЫ;Навага;20.125;1.25;0;91.25;73.0;ГОТОВЫЙ ВИД
РЫБА И МОРЕПРОДУКТЫ;Налим;23.5;0.7499999999999999;0;101.25;81.0;ГОТОВЫЙ ВИД
РЫБА И МОРЕПРОДУКТЫ;Нототения мраморная;18.5;13.374999999999998;0;195.0;156.0;ГОТОВЫЙ ВИД
РЫБА И МОРЕПРОДУКТЫ;Окунь морской;22.0;6.5;0;146.25;117.0;ГОТОВЫЙ ВИД
РЫБА И МОРЕПРОДУКТЫ;Окунь речной;23.125;1.125;0;102.5;82.0;ГОТОВЫЙ ВИД
РЫБА И МОРЕПРОДУКТЫ;Осетр;20.499999999999996;13.625;0;205.0;164.0;ГОТОВЫЙ ВИД
РЫБА И МОРЕПРОДУКТЫ;Палтус;23.624999999999996;3.75;0;128.75;103.0;ГОТОВЫЙ ВИД
РЫБА И МОРЕПРОДУКТЫ;Путассу;20.125;1.125;0;90.0;72.0;ГОТОВЫЙ ВИД
РЫБА И МОРЕПРОДУКТЫ;Рыба-сабля;25.375;4.0;0;137.5;110.0;ГОТОВЫЙ ВИД
РЫБА И МОРЕПРОДУКТЫ;Рыбец каспийский;23.999999999999996;2.9999999999999996;0;122.5;98.0;ГОТОВЫЙ ВИД
РЫБА И МОРЕПРОДУКТЫ;Сазан;22.999999999999996;6.624999999999999;0;151.25;121.0;ГОТОВЫЙ ВИД
РЫБА И МОРЕПРОДУКТЫ;Сайра крупная;23.25;26.0;0;327.5;262.0;ГОТОВЫЙ ВИД
РЫБА И МОРЕПРОДУКТЫ;Сайра мелкая;25.499999999999996;1.0;0;178.75;143.0;ГОТОВЫЙ ВИД
РЫБА И МОРЕПРОДУКТЫ;Салака;21.625;6.999999999999999;0;151.25;121.0;ГОТОВЫЙ ВИД
РЫБА И МОРЕПРОДУКТЫ;Сиг;23.75;9.375;0;180.0;144.0;ГОТОВЫЙ ВИД
РЫБА И МОРЕПРОДУКТЫ;Сом;21.0;10.625;0;180.0;144.0;ГОТОВЫЙ ВИД
РЫБА И МОРЕПРОДУКТЫ;Ставрида;23.125;6.25;0;148.75;119.0;ГОТОВЫЙ ВИД
РЫБА И МОРЕПРОДУКТЫ;Стерлядь;21.25;7.624999999999999;0;400.0;320.0;ГОТОВЫЙ ВИД
РЫБА И МОРЕПРОДУКТЫ;Судак;23.75;1.0;0;103.75;83.0;ГОТОВЫЙ ВИД
РЫБА И МОРЕПРОДУКТЫ;Треска;21.875;0.7499999999999999;0;93.75;75.0;ГОТОВЫЙ ВИД
РЫБА И МОРЕПРОДУКТЫ;Тунец;28.374999999999996;0.8749999999999999;0;120.0;96.0;ГОТОВЫЙ ВИД
РЫБА И МОРЕПРОДУКТЫ;Угольная рыба;16.499999999999996;14.499999999999998;0;197.5;158.0;ГОТОВЫЙ ВИД
РЫБА И МОРЕПРОДУКТЫ;Угорь морской;23.875;2.3749999999999996;0;117.5;94.0;ГОТОВЫЙ ВИД
РЫБА И МОРЕПРОДУКТЫ;Угорь;18.125;38.125;0;416.25;333.0;ГОТОВЫЙ ВИД
РЫБА И МОРЕПРОДУКТЫ;Хек;20.75;2.75;0;107.5;86.0;ГОТОВЫЙ ВИД
РЫБА И МОРЕПРОДУКТЫ;Щука;23.5;0.8749999999999999;0;102.5;82.0;ГОТОВЫЙ ВИД
РЫБА И МОРЕПРОДУКТЫ;Язь;22.749999999999996;0.37499999999999994;0;146.25;117.0;ГОТОВЫЙ ВИД
РЫБА И МОРЕПРОДУКТЫ;Креветка дальневосточная;35.875;1.4999999999999998;0;167.5;134.0;ГОТОВЫЙ ВИД
РЫБА И МОРЕПРОДУКТЫ;Печень трески;5.25;82.125;0;766.25;613.0;ГОТОВЫЙ ВИД
РЫБА И МОРЕПРОДУКТЫ;Кальмар;22.5;0.37499999999999994;0;93.75;75.0;ГОТОВЫЙ ВИД
РЫБА И МОРЕПРОДУКТЫ;Краб;20.0;0.625;0;86.25;69.0;ГОТОВЫЙ ВИД
РЫБА И МОРЕПРОДУКТЫ;Креветка;22.5;1.0;0;103.75;83.0;ГОТОВЫЙ ВИД
РЫБА И МОРЕПРОДУКТЫ;Морская капуста;1.125;0.25;3.75;6.25;5.0;ГОТОВЫЙ ВИД
РЫБА И МОРЕПРОДУКТЫ;Паста “Океан”;23.624999999999996;8.5;0;171.25;137.0;ГОТОВЫЙ ВИД
РЫБА И МОРЕПРОДУКТЫ;Трепанг;9.125;0.7499999999999999;0;43.75;35.0;ГОТОВЫЙ ВИД
ИКРА;Кеты зернистая;46.9;31.6;13.8;0.0;251.0;СЫРОЙ ВИД
ИКРА;Лещевая пробойная;58.0;24.7;4.8;0.0;142.0;СЫРОЙ ВИД
ИКРА;Минтаевая пробойная;63.2;28.4;1.9;0.0;131.0;СЫРОЙ ВИД
ИКРА;Осетровая зернистая;58.0;28.9;9.7;0.0;203.0;СЫРОЙ ВИД
ИКРА;Осетровая пробойная;39.5;36.0;10.2;0.0;123.0;СЫРОЙ ВИД
ОРЕХИ;Фундук;4.8;16.1;66.9;9.9;704.0;СЫРОЙ ВИД
ОРЕХИ;Миндаль;4.0;18.6;57.7;13.6;645.0;СЫРОЙ ВИД
ОРЕХИ;Грецкий орех;5.0;13.8;61.3;10.2;648.0;СЫРОЙ ВИД
ОРЕХИ;Арахис;10.0;26.3;45.2;9.7;548.0;СЫРОЙ ВИД
ОРЕХИ;Семя подсолнечника;8.0;20.7;52.9;5.0;578.0;СЫРОЙ ВИД
